#,Club Name,Category,Area / Location,Website,Instagram,Email / Contact,Phone,Est. Members,Priority,Notes
1,November Project London,Running,King's Cross,november-project.com/category/london-uk/,@novemberprojectldn,november-project.com/contact,,Hundreds,★★★★★,"Meets at Granary Square every Wednesday — SAME STREET as Rogue Bachata. Top priority."
2,GoodGym London (Islington & Camden),Running,Islington / Camden,goodgym.org,@goodgym,getinvolved@goodgym.org,020 3642 0997,Thousands,★★★★★,"Community runners; Islington Mon 18:45. Socially motivated. Real email + phone confirmed."
3,Midnight Runners London,Running,Central London,midnightrunners.com/cities/london,@midnightrunnerslondon,midnightrunners.com/mr-contact,,Large,★★★★,"Tue bootcamp runs; high-energy party-run vibe. Very active Instagram 16K followers."
4,Run Dem Crew,Running,Spitalfields / East London,rundemcrew.com,@run.dem.crew,rundemcrewshop@gmail.com,,500+,★★★★,"Creative and diverse community; prefer Instagram DM. Founded 2007 by Charlie Dark."
5,Mornington Chasers Running Club,Running,Camden NW5,chaser.me.uk,,info@chaser.me.uk,,Active,★★★★,"Tue & Thu 7:15pm — very close to King's Cross. Beginner-friendly and sociable."
6,Serpentine Running Club,Running,Hyde Park / Central London,serpentine.org.uk,@serpentinertc,info@serpentine.org.uk,,1000+,★★★,"One of London's largest and most inclusive clubs. Regular post-run socials."
7,Highgate Harriers,Running / Athletics,Highgate / Hampstead Heath,highgateharriers.org.uk,@highgateharriers_,highgateharriers@hotmail.co.uk,,Established,★★★,"North London base; founded 1879. Well within reach of King's Cross."
8,London Girls Book Club,Book Club,London-wide,londongirlsbookclub.com,@londongirlsbookclub_ (19K),hello@londongirlsbookclub.com,,Large,★★★★★,"19K Instagram followers. Real email confirmed. Women's social community — love trying new experiences."
9,20 & 30-Somethings Book Club London,Book Club,London-wide,meetup.com/20-and-30-somethings-book-club-london,,Via Meetup platform,,London's largest,★★★★,"Described as London's largest friendliest book club. Young demo 20s/30s — perfect for bachata."
10,Left Book Club (London groups),Book Club,Central London (Somerset House),leftbookclub.com,@leftbookclub (33K),leftbookclub.com/contact,,Multiple London groups,★★★,"33K Instagram. Free to attend. Multiple London groups forming constantly."
11,Young London Book Group (20-40),Book Club,London Bridge area,meetup.com/young-london-book-group-20-40,,Via Meetup,,Active,★★★,"Fourth Tuesday monthly pub social. Young demo. Already social-evening oriented."
12,London Sunday Book Group,Book Club,London,meetup.com/london-sunday-book-group,,Via Meetup,,Active,★★,"Regular Meetup group."
13,Turning Pages Book Club,Book Club,"London-wide (Barbican, Tate, RSA)",Via DesignMyNight,,Via organiser / Instagram search,,Growing (est. 2024),★★★,"Meets at iconic cultural venues. Creative membership — open to new social experiences."
14,Outdooraholics London,Hiking / Outdoor,London-wide,outdooraholics.co.uk,@outdooraholics (6.7K),info@outdooraholics.co.uk,,55000+,★★★★★,"London's #1 hiking group. 260+ events/year. Ages 25–49 and very socially active. Real email confirmed."
15,London Social Hiking,Hiking / Outdoor,London-wide,meetup.com/londonsocialhiking,,Via Meetup,,13831+,★★★★,"Explicitly social-first hiking. 'Meeting like-minded people' is the stated goal."
16,Trailblazer London,Hiking / Outdoor,London (20s/30s international),meetup.com/trailblazer,,Via Meetup,,Active,★★★,"Diverse international membership 20s/30s — natural fit for bachata's Latin social culture."
17,GO London Hiking,Hiking / Outdoor,London,golondonhiking.co.uk,,Via website,,Active,★★★,"Guided beginner-friendly day hikes. Group social mindset."
18,London Hiking Group,Hiking / Outdoor,London,meetup.com/london-hiking-group,,Via Meetup,,Active,★★,"Active Meetup group; social hiking focus."
19,Netbusters (Social Netball),Netball / Social Sports,Islington + 10 London venues,netbusters.org,@netbusters (1.4K),info@netbusters.org,07956 730674,1000+ weekly,★★★★★,"Islington venue — geographically ideal. Mon–Wed leagues. Real email + phone confirmed."
20,Playnetball London (Angel/Islington),Netball / Social Sports,"Angel N1, Highbury",playnetball.com,@playnetball (1.8K),interest@playnetball.com,07895 790025,"1500+, 140 teams",★★★★★,"Closest netball league to King's Cross. Mon–Thu evenings. Real email + phone confirmed."
21,GO Mammoth,Multi-sport Social Leagues,London-wide inc. Islington,gomammoth.co.uk,@gomammoth (8.6K),corporate@gomammoth.co.uk,020 7381 6034,Thousands,★★★★★,"UK's largest adult sports provider. One contact reaches thousands of players across multiple teams."
22,Little Giants Volleyball Club,Volleyball,London-wide,littlegiantsvc.com,@littlegiantsvolleyball (4.3K),littlegiantsvc.com/contact-us,,Multiple teams,★★★,"Social + competitive sessions. Active Instagram. Open game sessions."
23,London Royals Hockey Club,Hockey (LGBTQ+),East London E1W,londonroyals.co.uk,@londonroyalshc (2.5K),pitchero.com/clubs/londonroyalshockeyclub/contact,,4M + 2W + 1 mixed team,★★★,"UK's biggest LGBTQ+ hockey club. Mixed social team is ideal target."
24,London Frontrunners,Running (LGBTQ+),London-wide,londonfrontrunners.org,@ldnfrontrunners (4.3K),info@londonfrontrunners.org,,600+,★★★★,"Europe's largest LGBT+ sports club. Founded 1995. Regular post-run socials."
25,East London Photography Group,Photography / Arts,East London / Shoreditch,eastlondonphotographygroup.co.uk,,eastlondonphotographygroup.co.uk,,Active,★★★,"Fortnightly social meetups. Bachata as an 'experience' angle could work well."
26,The Camera Club,Photography / Arts,Kennington SE11,thecameraclub.co.uk,@cameraclubuk,darkroom@thecameraclub.co.uk,020 7587 1809,Established (est. 1885),★★★,"One of the world's oldest photography clubs. Regular exhibitions and social events."
27,The Photographers Club (London Photowalks),Photography / Arts,London-wide,meetup.com/london-foto-meetup-group,@thephotographersclub / @londonphotowalks,Via Meetup + WhatsApp,,Active,★★★,"Free; all levels. Regular photowalks — social and beginner-friendly."
28,London Photography Group,Photography / Arts,London,meetup.com/london-photography-group,@londonphotographygroup,Via Meetup (contact Dom),,Active,★★,"WhatsApp channel active. London's leading online/offline photography community."
29,London Street Photography Meetup,Photography / Arts,London-wide,"meetup.com/london-street-photography, 47-degree.com",@flaviobosi,Via website,,Active,★★,"Led by Flavio Bosi. Creative community; workshops + photowalks."
30,The Rebellious Wine Club,Wine / Dining,Clerkenwell EC1R (near King's Cross),bandhbuildings.com/rebellious-wine-club,@bourneandhollingsworth,info@bandhgroup.com,,Ticket-based events,★★★★,"Female-led; anti-stuffy wine events. Clerkenwell — under 1 mile from King's Cross."
31,London Women and Wine Club,Wine / Dining,London-wide (private venues),winewomenclub.com,@londonwomenandwine,Via website,,Small exclusive,★★★,"Monthly meetings at beautiful private venues. Women's networking with wine."
32,London Wine Fans,Wine / Social,London-wide,meetup.com/londonwinefans,,Via Meetup (organiser: Debbie),,3078,★★★,"Large social wine group. 3K+ members — good reach."
33,International Wine & Food Society (London),Wine / Dining,"St James's SW1Y, 4 St James's Square",iwfs.london,,iwfs.org/contact,,Established,★★,"London's oldest dining society. 6+ events per quarter. More formal demographic."
34,London Supper Clubs Meetup,Supper Club / Social Dining,London-wide,meetup.com/london-supper-clubs-meetup-group,@supperclub.community (14K),Via Meetup,,Active since 2014,★★★,"Large foodie community. Running since 2014. Crossover with bachata social culture."
35,Babble London Language Exchange,Language Exchange / International,"Holborn (Tues 7pm), Brick Lane (Thu)",meetup.com/BabbleLondon,@babblelondon (2.4K),Via Instagram DM / WhatsApp,,60+ weekly,★★★★★,"TUESDAY EVENINGS in Holborn — 15 min from King's Cross. International crowd = natural bachata fit."
36,World Citizens London,International / Expats,Central London,worldcitizen.london,@worldcitizenslondon,worldcitizen.london/contact,,Large (since 2012),★★★★,"Global professionals and expats. Tuesday socials. One of London's largest international communities."
37,Languages in London,Language Exchange / International,London-wide,languages.london,,Via website,,Large weekly events,★★★,"Largest language exchange in London. Weekly events. Small entry fee (£2)."
38,London Expats Culture & Social,International / Expats,London,meetup.com/London-Expats-Language-Exchange-and-Social,,Via Meetup,,6900+,★★★,"Huge expat community. Cultural events. Latin American and global members — natural bachata audience."
39,Kings Cross Steelers RFC,LGBTQ+ / Rugby,King's Cross,kxsrfc.com (search),@kxsrfc (13K),recruitment@kxsrfc.com,,250+ players,★★★★★,"World's first gay-inclusive rugby club. BASED IN KING'S CROSS. 13K Instagram. Real email confirmed."
40,London Frontrunners,LGBTQ+ / Running,London-wide,londonfrontrunners.org,@ldnfrontrunners (4.3K),info@londonfrontrunners.org,,600+,★★★★,"Europe's largest LGBT+ sports club. Post-run pub socials. Annual awards and parties."
41,London LGBTQ+ Community Centre,LGBTQ+ / Community,"Bloomsbury WC1N (66 Marchmont St)",londonlgbtqcentre.org,,bookings@londonlgbtqcentre.org; hello@londonlgbtqcentre.org,,Multiple groups,★★★★★,"WALKING DISTANCE from King's Cross. Queer Book Club + Film Club + socials. Real emails confirmed."
42,Queer 20s/30s London,LGBTQ+ / Social,"London (Green Park, weekly Sat)",queer-london.github.io,,Via website,,Weekly meetups,★★★,"Young inclusive community 20s/30s. Safe-space social events. Perfect demo for bachata."
43,LGBTQ+ London (Meetup),LGBTQ+ / Cultural,London-wide,meetup.com/lgbtq-london,,Via Meetup,,Active,★★★,"All-inclusive social events — museums, galleries, nights out. Open social format."
44,City Professionals Network (CPN),Professional Networking,Farringdon (near King's Cross),cityprofessionalsnetwork.co.uk,,admin@cityprofessionalsnetwork.co.uk,,80+/event; 17yrs established,★★★★,"Monthly Farringdon events (under 1 mile from King's Cross). Under-35 CYP focus. Real email confirmed."
45,The Young Professional (LYPN),Professional Networking,London-wide,theyoungprofessional.co.uk,,Via website contact form,,Cross-industry,★★★,"London's leading cross-industry young professionals network. Skills sessions and venue events."
46,London Social Society,Professional / Social,London-wide,meetup.com/London-Social-Society,,welove.socialise@gmail.com,,Active professionals,★★★,"Rooftop parties + dancing already part of their scene. Bachata fits naturally. Real email confirmed."
47,Young Professionals in London,Young Professionals,Central London,meetup.com/youngprofessionalsinlondon,,Via Meetup,,20000+,★★★★,"London's LARGEST young professionals Meetup group. 20K members — massive outreach potential."
48,The Great Friendship Project,Young Adults 20s/30s,London-wide,friendship-project.co.uk,@friendshiplondon / @great.friendship,Via website contact form,,45000+,★★★★★,"300+ events. Non-profit tackling loneliness. Activity-social format = PERFECT fit for bachata night out."
49,LDN Social (20s-30s),Young Adults / Social,Central London,meetup.com/ldnsocial20s30s,@ldn_social,Via Instagram + WhatsApp,,Active,★★★,"Friday socials. WhatsApp community. Young social demographic — ideal."
50,Smart Socials,Young Professionals,Central London (Green Park area),meetup.com/smart-socials,,Via Meetup,,Active (21-35),★★,"Free to join. Regular events at top London venues. Active 2025-26 calendar."
